{
    "Start": {
        "x": 0.0,
        "y": 0.0,
        "z": 0.0
    },
    "End": {
        "x": 1.0,
        "y": 1.0,
        "z": 1.0
    },
    "SplineData": [
        {
            "pos": {
                "x": 0.0,
                "y": 0.0,
                "z": 0.0
            },
            "radius": 21.666667938232423,
            "up": {
                "x": 0.0,
                "y": 0.5,
                "z": 0.0
            },
            "right": {
                "x": 0.0,
                "y": 0.0,
                "z": 0.0
            },
            "down": {
                "x": 0.0,
                "y": 0.0,
                "z": 0.0
            },
            "left": {
                "x": 0.0,
                "y": 0.0,
                "z": 0.0
            }
        },
        {
            "pos": {
                "x": 6.277996063232422,
                "y": 6.782310485839844,
                "z": 37.16230010986328
            },
            "radius": 25.83333396911621,
            "up": {
                "x": -0.005595145281404257,
                "y": 0.24604132771492005,
                "z": -0.043958600610494617
            },
            "right": {
                "x": 0.0,
                "y": 0.0,
                "z": 0.0
            },
            "down": {
                "x": 0.0,
                "y": 0.0,
                "z": 0.0
            },
            "left": {
                "x": 0.0,
                "y": 0.0,
                "z": 0.0
            }
        },
        {
            "pos": {
                "x": 12.555992126464844,
                "y": 13.564620971679688,
                "z": 74.32460021972656
            },
            "radius": 30.0,
            "up": {
                "x": 0.0,
                "y": 0.0,
                "z": 0.0
            },
            "right": {
                "x": 0.0,
                "y": 0.0,
                "z": 0.0
            },
            "down": {
                "x": 0.0,
                "y": 0.0,
                "z": 0.0
            },
            "left": {
                "x": 0.0,
                "y": 0.0,
                "z": 0.0
            }
        },
        {
            "pos": {
                "x": 4.346919059753418,
                "y": 11.52993106842041,
                "z": 119.65717315673828
            },
            "radius": 30.0,
            "up": {
                "x": -0.007369369268417358,
                "y": 0.24929960072040559,
                "z": 0.01718716509640217
            },
            "right": {
                "x": 0.2302142232656479,
                "y": 0.00008508702740073204,
                "z": 0.09747514873743057
            },
            "down": {
                "x": 0.0,
                "y": 0.0,
                "z": 0.0
            },
            "left": {
                "x": -0.2302142232656479,
                "y": -0.00008508702740073204,
                "z": -0.09747514873743057
            }
        },
        {
            "pos": {
                "x": -24.950698852539064,
                "y": 6.279701232910156,
                "z": 160.47479248046876
            },
            "radius": 30.0,
            "up": {
                "x": 0.0021717934869229795,
                "y": 0.4999675154685974,
                "z": 0.005269156768918037
            },
            "right": {
                "x": 0.43473830819129946,
                "y": -0.004491012077778578,
                "z": 0.24694620072841645
            },
            "down": {
                "x": 0.0,
                "y": 0.0,
                "z": 0.0
            },
            "left": {
                "x": -0.43473830819129946,
                "y": 0.004491012077778578,
                "z": -0.24694620072841645
            }
        },
        {
            "pos": {
                "x": -66.03262329101563,
                "y": 2.9420061111450197,
                "z": 204.23321533203126
            },
            "radius": 17.5,
            "up": {
                "x": 0.0063468338921666149,
                "y": 0.24764300882816316,
                "z": -0.033654969185590747
            },
            "right": {
                "x": 0.2156895101070404,
                "y": 0.011578367091715336,
                "z": 0.12587286531925202
            },
            "down": {
                "x": 0.0,
                "y": 0.0,
                "z": 0.0
            },
            "left": {
                "x": -0.2156895101070404,
                "y": -0.011578367091715336,
                "z": -0.12587286531925202
            }
        },
        {
            "pos": {
                "x": -74.13450622558594,
                "y": 11.636070251464844,
                "z": 228.99508666992188
            },
            "radius": 5.0,
            "up": {
                "x": 0.0,
                "y": 0.0,
                "z": 0.0
            },
            "right": {
                "x": 0.0,
                "y": 0.0,
                "z": 0.0
            },
            "down": {
                "x": 0.0,
                "y": 0.0,
                "z": 0.0
            },
            "left": {
                "x": 0.0,
                "y": 0.0,
                "z": 0.0
            }
        },
        {
            "pos": {
                "x": -63.920684814453128,
                "y": 20.399993896484376,
                "z": 240.92420959472657
            },
            "radius": 13.333333969116211,
            "up": {
                "x": 0.026788756251335145,
                "y": 0.06080250069499016,
                "z": -0.2410091757774353
            },
            "right": {
                "x": 0.15019699931144715,
                "y": -0.19710354506969453,
                "z": -0.03303110599517822
            },
            "down": {
                "x": -0.026788756251335145,
                "y": -0.06080250069499016,
                "z": 0.2410091757774353
            },
            "left": {
                "x": -0.15019699931144715,
                "y": 0.19710354506969453,
                "z": 0.03303110599517822
            }
        },
        {
            "pos": {
                "x": -33.753692626953128,
                "y": 29.40451431274414,
                "z": 236.37066650390626
            },
            "radius": 21.666667938232423,
            "up": {
                "x": -0.003156304359436035,
                "y": -0.22408097982406617,
                "z": -0.4469650387763977
            },
            "right": {
                "x": 0.14335492253303529,
                "y": -0.42861366271972659,
                "z": 0.2138684093952179
            },
            "down": {
                "x": 0.003156304359436035,
                "y": 0.22408097982406617,
                "z": 0.4469650387763977
            },
            "left": {
                "x": -0.14335492253303529,
                "y": 0.42861366271972659,
                "z": -0.2138684093952179
            }
        },
        {
            "pos": {
                "x": -9.581180572509766,
                "y": 31.57624053955078,
                "z": 225.2172393798828
            },
            "radius": 21.666667938232423,
            "up": {
                "x": -0.2027582824230194,
                "y": -0.06591179966926575,
                "z": -0.45226627588272097
            },
            "right": {
                "x": 0.06429564952850342,
                "y": -0.49396654963493349,
                "z": 0.043164193630218509
            },
            "down": {
                "x": 0.2027582824230194,
                "y": 0.06591179966926575,
                "z": 0.45226627588272097
            },
            "left": {
                "x": -0.06429564952850342,
                "y": 0.49396654963493349,
                "z": -0.043164193630218509
            }
        },
        {
            "pos": {
                "x": 14.591331481933594,