{
    "Start": {
        "x": 0.0,
        "y": 0.0,
        "z": 0.0
    },
    "End": {
        "x": 1.0,
        "y": 1.0,
        "z": 1.0
    },
    "SplineData": [
        {
            "pos": {
                "x": 0.0,
                "y": 0.0,
                "z": 0.0
            },
            "radius": 7.6666669845581059,
            "up": {
                "x": 0.0,
                "y": 0.0,
                "z": 0.0
            },
            "right": {
                "x": 0.0,
                "y": 0.0,
                "z": 0.0
            },
            "down": {
                "x": 0.0,
                "y": 0.0,
                "z": 0.0
            },
            "left": {
                "x": 0.0,
                "y": 0.0,
                "z": 0.0
            }
        },
        {
            "pos": {
                "x": -25.304880142211915,
                "y": -4.431674003601074,
                "z": 30.65979766845703
            },
            "radius": 7.6666669845581059,
            "up": {
                "x": -0.34334638714790347,
                "y": 0.3579981029033661,
                "z": 0.0628538429737091
            },
            "right": {
                "x": 0.3396005928516388,
                "y": 0.3467808663845062,
                "z": -0.12006033211946488
            },
            "down": {
                "x": 0.0,
                "y": 0.0,
                "z": 0.0
            },
            "left": {
                "x": -0.3396005928516388,
                "y": -0.3467808663845062,
                "z": 0.12006033211946488
            }
        },
        {
            "pos": {
                "x": 0.726470947265625,
                "y": 1.2121810913085938,
                "z": 39.698890686035159
            },
            "radius": 10.0,
            "up": {
                "x": -0.2795902490615845,
                "y": 0.4033558666706085,
                "z": 0.09556853771209717
            },
            "right": {
                "x": 0.0,
                "y": 0.0,
                "z": 0.0
            },
            "down": {
                "x": 0.2795902490615845,
                "y": -0.4033558666706085,
                "z": -0.09556853771209717
            },
            "left": {
                "x": -0.4014430344104767,
                "y": -0.29220300912857058,
                "z": 0.05882934480905533
            }
        },
        {
            "pos": {
                "x": -22.441776275634767,
                "y": -7.936090469360352,
                "z": 59.76654815673828
            },
            "radius": 7.6666669845581059,
            "up": {
                "x": -0.4323142468929291,
                "y": -0.19160492718219758,
                "z": 0.16245624423027039
            },
            "right": {
                "x": 0.0,
                "y": 0.0,
                "z": 0.0
            },
            "down": {
                "x": 0.0,
                "y": 0.0,
                "z": 0.0
            },
            "left": {
                "x": 0.1922025829553604,
                "y": -0.46049609780311587,
                "z": -0.031647928059101108
            }
        },
        {
            "pos": {
                "x": 0.0,
                "y": 0.0,
                "z": 60.0
            },
            "radius": 7.6666669845581059,
            "up": {
                "x": 0.0,
                "y": 0.0,
                "z": 0.0
            },
            "right": {
                "x": 0.0,
                "y": 0.0,
                "z": 0.0
            },
            "down": {
                "x": -0.3242653012275696,
                "y": 0.34183600544929507,
                "z": -0.16733264923095704
            },
            "left": {
                "x": 0.0,
                "y": 0.0,
                "z": 0.0
            }
        },
        {
            "pos": {
                "x": -21.04085922241211,
                "y": 15.267200469970704,
                "z": 87.89622497558594
            },
            "radius": 7.6666669845581059,
            "up": {
                "x": -0.4165855944156647,
                "y": -0.15160955488681794,
                "z": -0.23123791813850404
            },
            "right": {
                "x": 0.0,
                "y": 0.0,
                "z": 0.0
            },
            "down": {
                "x": 0.0,
                "y": 0.0,
                "z": 0.0
            },
            "left": {
                "x": 0.018330780789256097,
                "y": -0.43236294388771059,
                "z": 0.25045204162597659
            }
        }
    ]
}