{
    "Start": {
        "x": 0.0,
        "y": 0.0,
        "z": 0.0
    },
    "End": {
        "x": 1.0,
        "y": 1.0,
        "z": 1.0
    },
    "SplineData": [
        {
            "pos": {
                "x": 0.0,
                "y": 0.0,
                "z": 5.0143537521362309
            },
            "radius": 5.442988872528076,
            "up": {
                "x": 0.0,
                "y": 0.5,
                "z": 0.0
            },
            "right": {
                "x": 0.0,
                "y": 0.0,
                "z": 0.0
            },
            "down": {
                "x": 0.0,
                "y": 0.0,
                "z": 0.0
            },
            "left": {
                "x": 0.0,
                "y": 0.0,
                "z": 0.0
            }
        },
        {
            "pos": {
                "x": 0.0,
                "y": 0.0,
                "z": 10.042107582092286
            },
            "radius": 8.912358283996582,
            "up": {
                "x": 0.0,
                "y": 0.5,
                "z": 0.0
            },
            "right": {
                "x": 0.0,
                "y": 0.0,
                "z": 0.0
            },
            "down": {
                "x": 0.0,
                "y": 0.0,
                "z": 0.0
            },
            "left": {
                "x": 0.0,
                "y": 0.0,
                "z": 0.0
            }
        },
        {
            "pos": {
                "x": 0.0,
                "y": 0.0,
                "z": 15.054758071899414
            },
            "radius": 9.44287109375,
            "up": {
                "x": 0.0,
                "y": 0.5,
                "z": 0.0
            },
            "right": {
                "x": 0.0,
                "y": 0.0,
                "z": 0.0
            },
            "down": {
                "x": 0.0,
                "y": 0.0,
                "z": 0.0
            },
            "left": {
                "x": 0.0,
                "y": 0.0,
                "z": 0.0
            }
        },
        {
            "pos": {
                "x": 0.0,
                "y": 0.0,
                "z": 20.103273391723634
            },
            "radius": 3.5955302715301515,
            "up": {
                "x": 0.26496002078056338,
                "y": 0.4240238070487976,
                "z": 0.0
            },
            "right": {
                "x": 0.0,
                "y": 0.0,
                "z": 0.0
            },
            "down": {
                "x": 0.0,
                "y": 0.0,
                "z": 0.0
            },
            "left": {
                "x": 0.0,
                "y": 0.0,
                "z": 0.0
            }
        },
        {
            "pos": {
                "x": 0.024858543649315835,
                "y": -0.1746615469455719,
                "z": 25.153966903686525
            },
            "radius": 9.227043151855469,
            "up": {
                "x": 0.31114518642425539,
                "y": 0.3790246248245239,
                "z": 0.09761673212051392
            },
            "right": {
                "x": 0.0,
                "y": 0.0,
                "z": 0.0
            },
            "down": {
                "x": 0.0,
                "y": 0.0,
                "z": 0.0
            },
            "left": {
                "x": 0.0,
                "y": 0.0,
                "z": 0.0
            }
        },
        {
            "pos": {
                "x": -0.08464506268501282,
                "y": -0.39685776829719546,
                "z": 30.195486068725587
            },
            "radius": 7.612459659576416,
            "up": {
                "x": 0.30833700299263,
                "y": 0.3935343027114868,
                "z": -0.007684715092182159
            },
            "right": {
                "x": 0.0,
                "y": 0.0,
                "z": 0.0
            },
            "down": {
                "x": 0.0,
                "y": 0.0,
                "z": 0.0
            },
            "left": {
                "x": 0.0,
                "y": 0.0,
                "z": 0.0
            }
        },
        {
            "pos": {
                "x": -0.3247489035129547,
                "y": 1.0984147787094117,
                "z": 34.98259353637695
            },
            "radius": 2.056215286254883,
            "up": {
                "x": 0.313464879989624,
                "y": 0.3755614757537842,
                "z": -0.10340862721204758
            },
            "right": {
                "x": 0.0,
                "y": 0.0,
                "z": 0.0
            },
            "down": {
                "x": 0.0,
                "y": 0.0,
                "z": 0.0
            },
            "left": {
                "x": 0.0,
                "y": 0.0,
                "z": 0.0
            }
        }
    ]
}