{
    "Start": {
        "x": 0.0,
        "y": 0.0,
        "z": 0.0
    },
    "End": {
        "x": 1.0,
        "y": 1.0,
        "z": 1.0
    },
    "SplineData": [
        {
            "pos": {
                "x": 0.23336738348007203,
                "y": 0.35571637749671938,
                "z": 5.011108875274658
            },
            "radius": 8.51012134552002,
            "up": {
                "x": -0.000060574078815989196,
                "y": 0.4999982714653015,
                "z": -0.0013088587438687683
            },
            "right": {
                "x": 0.0,
                "y": 0.0,
                "z": 0.0
            },
            "down": {
                "x": 0.0,
                "y": 0.0,
                "z": 0.0
            },
            "left": {
                "x": 0.0,
                "y": 0.0,
                "z": 0.0
            }
        },
        {
            "pos": {
                "x": 0.5605721473693848,
                "y": 0.9774431586265564,
                "z": 9.983241081237793
            },
            "radius": 2.5337493419647219,
            "up": {
                "x": -0.01659039407968521,
                "y": 0.4745752513408661,
                "z": -0.15653464198112489
            },
            "right": {
                "x": 0.0,
                "y": 0.0,
                "z": 0.0
            },
            "down": {
                "x": 0.0,
                "y": 0.0,
                "z": 0.0
            },
            "left": {
                "x": 0.0,
                "y": 0.0,
                "z": 0.0
            }
        },
        {
            "pos": {
                "x": 1.1074589490890504,
                "y": 2.221691608428955,
                "z": 14.85535717010498
            },
            "radius": 6.3618669509887699,
            "up": {
                "x": -0.0046085696667432789,
                "y": 0.4985262453556061,
                "z": -0.03808356449007988
            },
            "right": {
                "x": 0.0,
                "y": 0.0,
                "z": 0.0
            },
            "down": {
                "x": 0.0,
                "y": 0.0,
                "z": 0.0
            },
            "left": {
                "x": 0.0,
                "y": 0.0,
                "z": 0.0
            }
        },
        {
            "pos": {
                "x": 1.7033649682998658,
                "y": 2.5594847202301027,
                "z": 19.815553665161134
            },
            "radius": 8.896599769592286,
            "up": {
                "x": -0.004263991955667734,
                "y": 0.4987202286720276,
                "z": -0.035495810210704806
            },
            "right": {
                "x": 0.0,
                "y": 0.0,
                "z": 0.0
            },
            "down": {
                "x": 0.0,
                "y": 0.0,
                "z": 0.0
            },
            "left": {
                "x": 0.0,
                "y": 0.0,
                "z": 0.0
            }
        },
        {
            "pos": {
                "x": 2.269777536392212,
                "y": 2.573051929473877,
                "z": 24.79405975341797
            },
            "radius": 8.783369064331055,
            "up": {
                "x": 0.0035849851556122305,
                "y": 0.4987821578979492,
                "z": 0.03469144180417061
            },
            "right": {
                "x": 0.0,
                "y": 0.0,
                "z": 0.0
            },
            "down": {
                "x": 0.0,
                "y": 0.0,
                "z": 0.0
            },
            "left": {
                "x": 0.0,
                "y": 0.0,
                "z": 0.0
            }
        },
        {
            "pos": {
                "x": 2.751157283782959,
                "y": 2.0423879623413088,
                "z": 29.766313552856447
            },
            "radius": 8.194549560546875,
            "up": {
                "x": 0.0072250873781740669,
                "y": 0.4923282563686371,
                "z": 0.08695228397846222
            },
            "right": {
                "x": 0.0,
                "y": 0.0,
                "z": 0.0
            },
            "down": {
                "x": 0.0,
                "y": 0.0,
                "z": 0.0
            },
            "left": {
                "x": 0.0,
                "y": 0.0,
                "z": 0.0
            }
        },
        {
            "pos": {
                "x": 3.1607751846313478,
                "y": 1.1657278537750245,
                "z": 34.69596481323242
            },
            "radius": 9.782386779785157,
            "up": {
                "x": 0.007225074805319309,
                "y": 0.4923282563686371,
                "z": 0.08695228397846222
            },
            "right": {
                "x": 0.0,
                "y": 0.0,
                "z": 0.0
            },
            "down": {
                "x": 0.0,
                "y": 0.0,
                "z": 0.0
            },
            "left": {
                "x": 0.0,
                "y": 0.0,
                "z": 0.0
            }
        },
        {
            "pos": {
                "x": 3.576310634613037,
                "y": 0.42551034688949587,
                "z": 39.650211334228519
            },
            "radius": 2.597510814666748,
            "up": {
                "x": 0.002073080977424979,
                "y": 0.49944502115249636,
                "z": 0.02346000261604786
            },
            "right": {
                "x": 0.0,
                "y": 0.0,
                "z": 0.0
            },
            "down": {
                "x": 0.0,
                "y": 0.0,
                "z": 0.0
            },
            "left": {
                "x": 0.0,
                "y": 0.0,
                "z": 0.0
            }
        },
        {
            "pos": {
                "x": 4.020380973815918,
                "y": 0.13803210854530335,
                "z": 44.626529693603519
            },
            "radius": 9.683168411254883,
            "up": {
                "x": 0.002558350097388029,
                "y": 0.49917101860046389,
                "z": 0.02866627834737301
            },
            "right": {
                "x": 0.0,
                "y": 0.0,
                "z": 0.0
            },
            "down": {
                "x": 0.0,
                "y": 0.0,
                "z": 0.0
            },
            "left": {
                "x": 0.0,
                "y": 0.0,
                "z": 0.0
            }
        },
        {
            "pos": {
                "x": 4.460659503936768,
                "y": -0.17049776017665864,
                "z": 49.60832214355469
            },
            "radius": 5.655248165130615,
            "up": {
                "x": 0.0027250265702605249,
                "y": 0.4990406930446625,
                "z": 0.030837805941700937
            },
            "right": {
                "x": 0.0,
                "y": 0.0,
                "z": 0.0
            },
            "down": {
                "x": 0.0,
                "y": 0.0,
                "z": 0.0
            },
            "left": {
                "x": 0.0,
                "y": 0.0,
                "z": 0.0
            }
        },
        {
            "pos": {
                "x": 4.900362968444824,
                "y": -0.4963991641998291,
                "z": 54.59513854980469
            },
            "radius": 5.816797256469727,
            "up": {
                "x": 0.002887869253754616,
                "y": 0.4989008605480194,
                "z": 0.0330091267824173
            },
            "right": {
                "x": 0.0,
                "y": 0.0,
                "z": 0.0
            },
            "down": {
                "x": 0.0,
                "y": 0.0,
                "z": 0.0
            },