{
    "Start": {
        "x": 0.0,
        "y": 0.0,
        "z": 0.0
    },
    "End": {
        "x": 1.0,
        "y": 1.0,
        "z": 1.0
    },
    "SplineData": [
        {
            "pos": {
                "x": 0.041473388671875,
                "y": -0.23804903030395509,
                "z": -0.17200088500976563
            },
            "radius": 6.30000114440918,
            "up": {
                "x": 0.0,
                "y": 0.5,
                "z": 0.0
            },
            "right": {
                "x": 0.0,
                "y": 0.0,
                "z": 0.0
            },
            "down": {
                "x": 0.0,
                "y": 0.0,
                "z": 0.0
            },
            "left": {
                "x": 0.0,
                "y": 0.0,
                "z": 0.0
            }
        },
        {
            "pos": {
                "x": -2.7105178833007814,
                "y": -3.0913047790527345,
                "z": 10.477663040161133
            },
            "radius": 7.500001907348633,
            "up": {
                "x": 0.38624680042266848,
                "y": 0.10942121595144272,
                "z": 0.2980611324310303
            },
            "right": {
                "x": 0.0,
                "y": 0.0,
                "z": 0.0
            },
            "down": {
                "x": 0.0,
                "y": 0.0,
                "z": 0.0
            },
            "left": {
                "x": 0.0,
                "y": 0.0,
                "z": 0.0
            }
        },
        {
            "pos": {
                "x": -13.03768539428711,
                "y": -8.759939193725586,
                "z": 18.400279998779298
            },
            "radius": 7.800002098083496,
            "up": {
                "x": 0.49507948756217959,
                "y": -0.06203491985797882,
                "z": 0.03237336874008179
            },
            "right": {
                "x": 0.0,
                "y": 0.0,
                "z": 0.0
            },
            "down": {
                "x": 0.0,
                "y": 0.0,
                "z": 0.0
            },
            "left": {
                "x": 0.0,
                "y": 0.0,
                "z": 0.0
            }
        },
        {
            "pos": {
                "x": -1.869720458984375,
                "y": -0.3531494140625,
                "z": 27.569238662719728
            },
            "radius": 7.800002098083496,
            "up": {
                "x": 0.33251023292541506,
                "y": -0.3474864959716797,
                "z": -0.1367119997739792
            },
            "right": {
                "x": 0.0,
                "y": 0.0,
                "z": 0.0
            },
            "down": {
                "x": 0.0,
                "y": 0.0,
                "z": 0.0
            },
            "left": {
                "x": 0.0,
                "y": 0.0,
                "z": 0.0
            }
        },
        {
            "pos": {
                "x": 12.122781753540039,
                "y": 5.964879035949707,
                "z": 41.3754997253418
            },
            "radius": 17.700002670288087,
            "up": {
                "x": 0.36468055844306948,
                "y": -0.3329423666000366,
                "z": -0.0784696415066719
            },
            "right": {
                "x": 0.0,
                "y": 0.0,
                "z": 0.0
            },
            "down": {
                "x": 0.0,
                "y": 0.0,
                "z": 0.0
            },
            "left": {
                "x": 0.0,
                "y": 0.0,
                "z": 0.0
            }
        },
        {
            "pos": {
                "x": 20.378246307373048,
                "y": 17.242733001708986,
                "z": 54.83710861206055
            },
            "radius": 7.800002098083496,
            "up": {
                "x": -0.49509164690971377,
                "y": -0.044023096561431888,
                "z": 0.05427969619631767
            },
            "right": {
                "x": 0.0,
                "y": 0.0,
                "z": 0.0
            },
            "down": {
                "x": 0.0,
                "y": 0.0,
                "z": 0.0
            },
            "left": {
                "x": 0.0,
                "y": 0.0,
                "z": 0.0
            }
        },
        {
            "pos": {
                "x": 12.609831809997559,
                "y": 3.0801544189453127,
                "z": 79.09088134765625
            },
            "radius": 3.0,
            "up": {
                "x": -0.28290149569511416,
                "y": -0.31008848547935488,
                "z": -0.2716834545135498
            },
            "right": {
                "x": 0.0,
                "y": 0.0,
                "z": 0.0
            },
            "down": {
                "x": 0.0,
                "y": 0.0,
                "z": 0.0
            },
            "left": {
                "x": 0.0,
                "y": 0.0,
                "z": 0.0
            }
        },
        {
            "pos": {
                "x": 9.943988800048829,
                "y": -1.7799367904663087,
                "z": 87.41390991210938
            },
            "radius": 7.800002098083496,
            "up": {
                "x": 0.32204747200012209,
                "y": -0.36612075567245486,
                "z": -0.1106390729546547
            },
            "right": {
                "x": 0.0,
                "y": 0.0,
                "z": 0.0
            },
            "down": {
                "x": 0.0,
                "y": 0.0,
                "z": 0.0
            },
            "left": {
                "x": 0.0,
                "y": 0.0,
                "z": 0.0
            }
        },
        {
            "pos": {
                "x": 7.278145790100098,
                "y": -6.6400275230407719,
                "z": 95.7369384765625
            },
            "radius": 3.0,
            "up": {
                "x": -0.2797551155090332,
                "y": -0.312554270029068,
                "z": -0.2721155881881714
            },
            "right": {
                "x": 0.0,
                "y": 0.0,
                "z": 0.0
            },
            "down": {
                "x": 0.0,
                "y": 0.0,
                "z": 0.0
            },
            "left": {
                "x": 0.0,
                "y": 0.0,
                "z": 0.0
            }
        },
        {
            "pos": {
                "x": 4.612302303314209,
                "y": -11.500118255615235,
                "z": 104.05996704101563
            },
            "radius": 3.0,
            "up": {
                "x": -0.2926943898200989,
                "y": -0.39741310477256777,
                "z": 0.0799555853009224
            },
            "right": {
                "x": 0.0,
                "y": 0.0,
                "z": 0.0
            },
            "down": {
                "x": 0.0,
                "y": 0.0,
                "z": 0.0
            },
            "left": {
                "x": 0.0,
                "y": 0.0,
                "z": 0.0
            }
        },
        {
            "pos": {
                "x": 26.108291625976564,
                "y": -6.531376838684082,
                "z": 110.43955993652344
            },
            "radius": 12.600004196166993,
            "up": {
                "x": 0.42820435762405398,
                "y": -0.23683881759643556,
                "z": 0.10270540416240692
            },
            "right": {
                "x": 0.0,
                "y": 0.0,
                "z": 0.0
            },
            "down": {
                "x": 0.0,
                "y": 0.0,
                "z": 0.0
            },
            "left": {
                "x": 0.0,
                "y": 0.0,