{
    "SplineData": [
        {
            "pos": {
                "x": 0.0,
                "y": 0.0,
                "z": 0.0
            },
            "radius": 7.6666669845581059,
            "up": {
                "x": 0.0,
                "y": 0.0,
                "z": 0.0
            },
            "right": {
                "x": 0.0,
                "y": 0.0,
                "z": 0.0
            },
            "down": {
                "x": 0.0,
                "y": 0.0,
                "z": 0.0
            },
            "left": {
                "x": 0.0,
                "y": 0.0,
                "z": 0.0
            },
            "shape": 0,
            "rot": {
                "x": 0.0,
                "y": 0.0,
                "z": 0.0,
                "w": 1.0
            }
        },
        {
            "pos": {
                "x": 1.097330093383789,
                "y": 0.8027734756469727,
                "z": 22.711214065551759
            },
            "radius": 7.6666669845581059,
            "up": {
                "x": 0.017466440796852113,
                "y": 0.4159524142742157,
                "z": -0.27690887451171877
            },
            "right": {
                "x": 0.0,
                "y": 0.0,
                "z": 0.0
            },
            "down": {
                "x": 0.0,
                "y": 0.0,
                "z": 0.0
            },
            "left": {
                "x": 0.0,
                "y": 0.0,
                "z": 0.0
            },
            "shape": 1,
            "rot": {
                "x": -0.26226484775543215,
                "y": -0.4615609049797058,
                "z": 0.12355057895183563,
                "w": 0.8383996486663818
            }
        },
        {
            "pos": {
                "x": -15.28251838684082,
                "y": 5.952174186706543,
                "z": 8.28210735321045
            },
            "radius": 7.6666669845581059,
            "up": {
                "x": 0.0,
                "y": 0.0,
                "z": 0.0
            },
            "right": {
                "x": 0.0,
                "y": 0.0,
                "z": 0.0
            },
            "down": {
                "x": 0.0,
                "y": 0.0,
                "z": 0.0
            },
            "left": {
                "x": 0.0,
                "y": 0.0,
                "z": 0.0
            },
            "shape": 0,
            "rot": {
                "x": 0.34305769205093386,
                "y": 0.9139425158500671,
                "z": -0.008357778191566468,
                "w": -0.21668101847171784
            }
        },
        {
            "pos": {
                "x": -15.25216293334961,
                "y": 6.198792457580566,
                "z": -11.6778564453125
            },
            "radius": 7.6666669845581059,
            "up": {
                "x": 0.0,
                "y": 0.0,
                "z": 0.0
            },
            "right": {
                "x": 0.0,
                "y": 0.0,
                "z": 0.0
            },
            "down": {
                "x": 0.0,
                "y": 0.0,
                "z": 0.0
            },
            "left": {
                "x": 0.0,
                "y": 0.0,
                "z": 0.0
            },
            "shape": 0,
            "rot": {
                "x": -0.0433160774409771,
                "y": 0.9990420341491699,
                "z": 0.0061387293972074989,
                "w": 0.0010272393701598049
            }
        }
    ]
}