{
    "Start": {
        "x": 0.0,
        "y": 0.0,
        "z": 0.0
    },
    "End": {
        "x": 1.0,
        "y": 1.0,
        "z": 1.0
    },
    "SplineData": [
        {
            "pos": {
                "x": 0.0,
                "y": 0.0,
                "z": 0.0
            },
            "radius": 8.70000171661377,
            "up": {
                "x": -0.09933466464281082,
                "y": 0.4900332987308502,
                "z": 0.0
            },
            "right": {
                "x": 0.4900332987308502,
                "y": 0.09933466464281082,
                "z": 0.0
            },
            "down": {
                "x": 0.09933466464281082,
                "y": -0.4900332987308502,
                "z": 0.0
            },
            "left": {
                "x": -0.4900332987308502,
                "y": -0.09933466464281082,
                "z": 0.0
            }
        },
        {
            "pos": {
                "x": 0.0,
                "y": 0.0,
                "z": 10.0
            },
            "radius": 8.70000171661377,
            "up": {
                "x": 8.154694342010771e-8,
                "y": 0.5,
                "z": 0.0
            },
            "right": {
                "x": 0.5,
                "y": -8.154694342010771e-8,
                "z": 0.0
            },
            "down": {
                "x": -8.154694342010771e-8,
                "y": -0.5,
                "z": 0.0
            },
            "left": {
                "x": -0.5,
                "y": 8.154694342010771e-8,
                "z": 0.0
            }
        },
        {
            "pos": {
                "x": 0.0,
                "y": 0.0,
                "z": 20.0
            },
            "radius": 8.70000171661377,
            "up": {
                "x": 8.154694342010771e-8,
                "y": 0.5,
                "z": 0.0
            },
            "right": {
                "x": 0.5,
                "y": -8.154694342010771e-8,
                "z": 0.0
            },
            "down": {
                "x": -8.154694342010771e-8,
                "y": -0.5,
                "z": 0.0
            },
            "left": {
                "x": -0.5,
                "y": 8.154694342010771e-8,
                "z": 0.0
            }
        },
        {
            "pos": {
                "x": 0.0,
                "y": 0.0,
                "z": 30.0
            },
            "radius": 8.70000171661377,
            "up": {
                "x": 8.154694342010771e-8,
                "y": 0.5,
                "z": 0.0
            },
            "right": {
                "x": 0.5,
                "y": -8.154694342010771e-8,
                "z": 0.0
            },
            "down": {
                "x": -8.154694342010771e-8,
                "y": -0.5,
                "z": 0.0
            },
            "left": {
                "x": -0.5,
                "y": 8.154694342010771e-8,
                "z": 0.0
            }
        },
        {
            "pos": {
                "x": 0.0,
                "y": 0.0,
                "z": 40.0
            },
            "radius": 8.70000171661377,
            "up": {
                "x": 0.19470933079719544,
                "y": 0.46053043007850649,
                "z": 0.0
            },
            "right": {
                "x": 0.46053043007850649,
                "y": -0.19470933079719544,
                "z": 0.0
            },
            "down": {
                "x": -0.19470933079719544,
                "y": -0.46053043007850649,
                "z": 0.0
            },
            "left": {
                "x": -0.46053043007850649,
                "y": 0.19470933079719544,
                "z": 0.0
            }
        },
        {
            "pos": {
                "x": 0.0,
                "y": 0.0,
                "z": 50.0
            },
            "radius": 8.70000171661377,
            "up": {
                "x": 0.19470933079719544,
                "y": 0.46053043007850649,
                "z": 0.0
            },
            "right": {
                "x": 0.46053043007850649,
                "y": -0.19470933079719544,
                "z": 0.0
            },
            "down": {
                "x": -0.19470933079719544,
                "y": -0.46053043007850649,
                "z": 0.0
            },
            "left": {
                "x": -0.46053043007850649,
                "y": 0.19470933079719544,
                "z": 0.0
            }
        },
        {
            "pos": {
                "x": 0.0,
                "y": 0.0,
                "z": 60.0
            },
            "radius": 8.70000171661377,
            "up": {
                "x": 0.28232133388519289,
                "y": 0.41266772150993349,
                "z": 0.0
            },
            "right": {
                "x": 0.41266772150993349,
                "y": -0.28232133388519289,
                "z": 0.0
            },
            "down": {
                "x": -0.28232133388519289,
                "y": -0.41266772150993349,
                "z": 0.0
            },
            "left": {
                "x": -0.41266772150993349,
                "y": 0.28232133388519289,
                "z": 0.0
            }
        },
        {
            "pos": {
                "x": 0.0,
                "y": 0.0,
                "z": 70.0
            },
            "radius": 8.70000171661377,
            "up": {
                "x": 0.3586781919002533,
                "y": 0.34835320711135867,
                "z": 0.0
            },
            "right": {
                "x": 0.34835320711135867,
                "y": -0.3586781919002533,
                "z": 0.0
            },
            "down": {
                "x": -0.3586781919002533,
                "y": -0.34835320711135867,
                "z": 0.0
            },
            "left": {
                "x": -0.34835320711135867,
                "y": 0.3586781919002533,
                "z": 0.0
            }
        },
        {
            "pos": {
                "x": 0.0,
                "y": 0.0,
                "z": 80.0
            },
            "radius": 8.70000171661377,
            "up": {
                "x": 0.4207356870174408,
                "y": 0.27015089988708498,
                "z": 0.0
            },
            "right": {
                "x": 0.27015089988708498,
                "y": -0.4207356870174408,
                "z": 0.0
            },
            "down": {
                "x": -0.4207356870174408,
                "y": -0.27015089988708498,
                "z": 0.0
            },
            "left": {
                "x": -0.27015089988708498,
                "y": 0.4207356870174408,
                "z": 0.0
            }
        },
        {
            "pos": {
                "x": 0.0,
                "y": 0.0,
                "z": 90.0
            },
            "radius": 8.70000171661377,
            "up": {
                "x": 0.4660196602344513,
                "y": 0.18117859959602357,
                "z": 0.0
            },
            "right": {
                "x": 0.18117859959602357,
                "y": -0.4660196602344513,
                "z": 0.0
            },
            "down": {
                "x": -0.4660196602344513,
                "y": -0.18117859959602357,
                "z": 0.0
            },
            "left": {
                "x": -0.18117859959602357,
                "y": 0.4660196602344513,
                "z": 0.0
            }
        },
        {
            "pos": {
                "x": 0.0,
                "y": 0.0,
                "z": 100.0
            },
            "radius": 8.70000171661377,
            "up": {
                "x": 0.4927249848842621,
                "y": 0.08498319983482361,
                "z": 0.0
            },
            "right": {
                "x": 0.08498319983482361,
                "y": -0.4927249848842621,