{
    "Start": {
        "x": 0.0,
        "y": 0.0,
        "z": 0.0
    },
    "End": {
        "x": 1.0,
        "y": 1.0,
        "z": 1.0
    },
    "SplineData": [
        {
            "pos": {
                "x": -0.029848342761397363,
                "y": 0.00654632318764925,
                "z": 5.018459320068359
            },
            "radius": 1.7830880880355836,
            "up": {
                "x": 0.24226351082324983,
                "y": 0.43729132413864138,
                "z": 0.009202604182064534
            },
            "right": {
                "x": 0.0,
                "y": 0.0,
                "z": 0.0
            },
            "down": {
                "x": 0.0,
                "y": 0.0,
                "z": 0.0
            },
            "left": {
                "x": 0.0,
                "y": 0.0,
                "z": 0.0
            }
        },
        {
            "pos": {
                "x": -0.3506966233253479,
                "y": -0.21301516890525819,
                "z": 10.01681137084961
            },
            "radius": 3.8427622318267824,
            "up": {
                "x": -0.01942155510187149,
                "y": 0.49877262115478518,
                "z": 0.02913215011358261
            },
            "right": {
                "x": 0.0,
                "y": 0.0,
                "z": 0.0
            },
            "down": {
                "x": 0.0,
                "y": 0.0,
                "z": 0.0
            },
            "left": {
                "x": 0.0,
                "y": 0.0,
                "z": 0.0
            }
        },
        {
            "pos": {
                "x": -0.7593754529953003,
                "y": -0.2084631472826004,
                "z": 15.024225234985352
            },
            "radius": 3.8591580390930177,
            "up": {
                "x": -0.012019996531307698,
                "y": 0.4960957467556,
                "z": -0.06119247525930405
            },
            "right": {
                "x": 0.0,
                "y": 0.0,
                "z": 0.0
            },
            "down": {
                "x": 0.0,
                "y": 0.0,
                "z": 0.0
            },
            "left": {
                "x": 0.0,
                "y": 0.0,
                "z": 0.0
            }
        },
        {
            "pos": {
                "x": 3.0534613132476808,
                "y": 0.5252258777618408,
                "z": 18.1915225982666
            },
            "radius": 3.8093483448028566,
            "up": {
                "x": -0.06433941423892975,
                "y": 0.49581092596054079,
                "z": -0.005654042586684227
            },
            "right": {
                "x": 0.0,
                "y": 0.0,
                "z": 0.0
            },
            "down": {
                "x": 0.0,
                "y": 0.0,
                "z": 0.0
            },
            "left": {
                "x": 0.0,
                "y": 0.0,
                "z": 0.0
            }
        },
        {
            "pos": {
                "x": 7.646787166595459,
                "y": 0.9876337051391602,
                "z": 20.1528263092041
            },
            "radius": 9.356473922729493,
            "up": {
                "x": -0.00796111673116684,
                "y": 0.4996950626373291,
                "z": 0.015539196319878102
            },
            "right": {
                "x": 0.0,
                "y": 0.0,
                "z": 0.0
            },
            "down": {
                "x": 0.0,
                "y": 0.0,
                "z": 0.0
            },
            "left": {
                "x": 0.0,
                "y": 0.0,
                "z": 0.0
            }
        },
        {
            "pos": {
                "x": 11.952584266662598,
                "y": 1.3734716176986695,
                "z": 22.6739444732666
            },
            "radius": 6.379683494567871,
            "up": {
                "x": -0.1138237863779068,
                "y": 0.4841003119945526,
                "z": -0.051875095814466479
            },
            "right": {
                "x": 0.0,
                "y": 0.0,
                "z": 0.0
            },
            "down": {
                "x": 0.0,
                "y": 0.0,
                "z": 0.0
            },
            "left": {
                "x": 0.0,
                "y": 0.0,
                "z": 0.0
            }
        },
        {
            "pos": {
                "x": 15.920716285705567,
                "y": 3.055903434753418,
                "z": 25.257593154907228
            },
            "radius": 8.478913307189942,
            "up": {
                "x": -0.1923503279685974,
                "y": 0.44925636053085329,
                "z": -0.10568857192993164
            },
            "right": {
                "x": 0.0,
                "y": 0.0,
                "z": 0.0
            },
            "down": {
                "x": 0.0,
                "y": 0.0,
                "z": 0.0
            },
            "left": {
                "x": 0.0,
                "y": 0.0,
                "z": 0.0
            }
        },
        {
            "pos": {
                "x": 20.029314041137697,
                "y": 4.395874500274658,
                "z": 27.791501998901368
            },
            "radius": 5.294533729553223,
            "up": {
                "x": -0.02646266296505928,
                "y": 0.4992750883102417,
                "z": 0.004909971263259649
            },
            "right": {
                "x": 0.0,
                "y": 0.0,
                "z": 0.0
            },
            "down": {
                "x": 0.0,
                "y": 0.0,
                "z": 0.0
            },
            "left": {
                "x": 0.0,
                "y": 0.0,
                "z": 0.0
            }
        },
        {
            "pos": {
                "x": 24.3455810546875,
                "y": 4.959254741668701,
                "z": 30.28931427001953
            },
            "radius": 2.266146421432495,
            "up": {
                "x": -0.10252848267555237,
                "y": 0.4878542423248291,
                "z": -0.038550540804862979
            },
            "right": {
                "x": 0.0,
                "y": 0.0,
                "z": 0.0
            },
            "down": {
                "x": 0.0,
                "y": 0.0,
                "z": 0.0
            },
            "left": {
                "x": 0.0,
                "y": 0.0,
                "z": 0.0
            }
        },
        {
            "pos": {
                "x": 28.602296829223634,
                "y": 6.01877498626709,
                "z": 32.69707489013672
            },
            "radius": 8.31058406829834,
            "up": {
                "x": 0.14903609454631806,
                "y": 0.26733046770095827,
                "z": -0.39537662267684939
            },
            "right": {
                "x": 0.0,
                "y": 0.0,
                "z": 0.0
            },
            "down": {
                "x": 0.0,
                "y": 0.0,
                "z": 0.0
            },
            "left": {
                "x": 0.0,
                "y": 0.0,
                "z": 0.0
            }
        },
        {
            "pos": {
                "x": 32.94617462158203,
                "y": 6.969081878662109,
                "z": 34.986045837402347
            },
            "radius": 5.094682216644287,
            "up": {
                "x": 0.24467451870441438,
                "y": -0.24549466371536256,
                "z": -0.36037033796310427
            },
            "right": {
                "x": 0.0,
                "y": 0.0,
                "z": 0.0
            },
            "down": {
                "x": 0.0,
                "y": 0.0,
                "z": 0.0
            },