{
    "Start": {
        "x": 0.0,
        "y": 0.0,
        "z": 0.0
    },
    "End": {
        "x": 1.0,
        "y": 1.0,
        "z": 1.0
    },
    "SplineData": [
        {
            "pos": {
                "x": 0.0,
                "y": 0.0,
                "z": 0.0
            },
            "radius": 4.499998092651367,
            "up": {
                "x": 0.46601954102516177,
                "y": 0.18117892742156983,
                "z": 0.0
            },
            "right": {
                "x": 0.0,
                "y": 0.0,
                "z": 0.0
            },
            "down": {
                "x": 0.0,
                "y": 0.0,
                "z": 0.0
            },
            "left": {
                "x": 0.0,
                "y": 0.0,
                "z": 0.0
            }
        },
        {
            "pos": {
                "x": 0.0,
                "y": 0.0,
                "z": 10.0
            },
            "radius": 3.6999988555908205,
            "up": {
                "x": -0.30177897214889529,
                "y": 0.3861733078956604,
                "z": -0.09899310022592545
            },
            "right": {
                "x": 0.0,
                "y": 0.0,
                "z": 0.0
            },
            "down": {
                "x": 0.0,
                "y": 0.0,
                "z": 0.0
            },
            "left": {
                "x": 0.0,
                "y": 0.0,
                "z": 0.0
            }
        },
        {
            "pos": {
                "x": 7.023195266723633,
                "y": 7.343939304351807,
                "z": 6.486929893493652
            },
            "radius": 3.6999988555908205,
            "up": {
                "x": -0.3324204385280609,
                "y": 0.37238988280296328,
                "z": -0.028678126633167268
            },
            "right": {
                "x": 0.0,
                "y": 0.0,
                "z": 0.0
            },
            "down": {
                "x": 0.0,
                "y": 0.0,
                "z": 0.0
            },
            "left": {
                "x": 0.0,
                "y": 0.0,
                "z": 0.0
            }
        },
        {
            "pos": {
                "x": 0.0,
                "y": 0.0,
                "z": 20.0
            },
            "radius": 3.6999988555908205,
            "up": {
                "x": -0.2514497637748718,
                "y": 0.4209005832672119,
                "z": 0.09805970638990402
            },
            "right": {
                "x": 0.0,
                "y": 0.0,
                "z": 0.0
            },
            "down": {
                "x": 0.0,
                "y": 0.0,
                "z": 0.0
            },
            "left": {
                "x": 0.0,
                "y": 0.0,
                "z": 0.0
            }
        },
        {
            "pos": {
                "x": -4.15390682220459,
                "y": -4.343612194061279,
                "z": 27.99237823486328
            },
            "radius": 10.0,
            "up": {
                "x": -0.33635735511779787,
                "y": -0.36941295862197878,
                "z": 0.019944198429584504
            },
            "right": {
                "x": 0.0,
                "y": 0.0,
                "z": 0.0
            },
            "down": {
                "x": 0.0,
                "y": 0.0,
                "z": 0.0
            },
            "left": {
                "x": 0.0,
                "y": 0.0,
                "z": 0.0
            }
        },
        {
            "pos": {
                "x": -3.7075252532958986,
                "y": 9.453702926635743,
                "z": 36.23536682128906
            },
            "radius": 10.0,
            "up": {
                "x": -0.422637403011322,
                "y": -0.15345743298530579,
                "z": -0.21869724988937379
            },
            "right": {
                "x": 0.0,
                "y": 0.0,
                "z": 0.0
            },
            "down": {
                "x": 0.0,
                "y": 0.0,
                "z": 0.0
            },
            "left": {
                "x": 0.0,
                "y": 0.0,
                "z": 0.0
            }
        },
        {
            "pos": {
                "x": -8.307812690734864,
                "y": -8.687223434448243,
                "z": 35.98475646972656
            },
            "radius": 10.0,
            "up": {
                "x": -0.10766655206680298,
                "y": 0.034031614661216739,
                "z": -0.48708295822143557
            },
            "right": {
                "x": 0.0,
                "y": 0.0,
                "z": 0.0
            },
            "down": {
                "x": 0.0,
                "y": 0.0,
                "z": 0.0
            },
            "left": {
                "x": 0.0,
                "y": 0.0,
                "z": 0.0
            }
        }
    ]
}