{
    "Start": {
        "x": 0.0,
        "y": 0.0,
        "z": 0.0
    },
    "End": {
        "x": 1.0,
        "y": 1.0,
        "z": 1.0
    },
    "SplineData": [
        {
            "pos": {
                "x": 0.06737232208251953,
                "y": 0.5102939605712891,
                "z": 0.19357967376708985
            },
            "radius": 9.300002098083496,
            "up": {
                "x": -7.4505797087454088e-9,
                "y": 0.5,
                "z": 0.0
            },
            "right": {
                "x": 0.0,
                "y": 0.0,
                "z": 0.0
            },
            "down": {
                "x": 0.0,
                "y": 0.0,
                "z": 0.0
            },
            "left": {
                "x": 0.0,
                "y": 0.0,
                "z": 0.0
            }
        },
        {
            "pos": {
                "x": 0.08974456787109375,
                "y": 0.5624427795410156,
                "z": 10.38901138305664
            },
            "radius": 11.400004386901856,
            "up": {
                "x": 0.3586024343967438,
                "y": 0.34827446937561037,
                "z": 0.010449598543345929
            },
            "right": {
                "x": 0.0,
                "y": 0.0,
                "z": 0.0
            },
            "down": {
                "x": 0.0,
                "y": 0.0,
                "z": 0.0
            },
            "left": {
                "x": 0.0,
                "y": 0.0,
                "z": 0.0
            }
        },
        {
            "pos": {
                "x": -0.0757293701171875,
                "y": 0.10260200500488281,
                "z": 19.734954833984376
            },
            "radius": 11.400004386901856,
            "up": {
                "x": 0.029191765934228898,
                "y": -0.4990880787372589,
                "z": -0.007678649853914976
            },
            "right": {
                "x": 0.0,
                "y": 0.0,
                "z": 0.0
            },
            "down": {
                "x": 0.0,
                "y": 0.0,
                "z": 0.0
            },
            "left": {
                "x": 0.0,
                "y": 0.0,
                "z": 0.0
            }
        },
        {
            "pos": {
                "x": 0.0198822021484375,
                "y": 0.2864856719970703,
                "z": 30.006494522094728
            },
            "radius": 11.400004386901856,
            "up": {
                "x": -0.49973127245903017,
                "y": -0.014287734404206276,
                "z": 0.008034522645175457
            },
            "right": {
                "x": 0.0,
                "y": 0.0,
                "z": 0.0
            },
            "down": {
                "x": 0.0,
                "y": 0.0,
                "z": 0.0
            },
            "left": {
                "x": 0.0,
                "y": 0.0,
                "z": 0.0
            }
        },
        {
            "pos": {
                "x": 0.23524093627929688,
                "y": 0.6766433715820313,
                "z": 40.14591598510742
            },
            "radius": 11.400004386901856,
            "up": {
                "x": -0.42079606652259829,
                "y": 0.26994699239730837,
                "z": -0.007700975984334946
            },
            "right": {
                "x": 0.0,
                "y": 0.0,
                "z": 0.0
            },
            "down": {
                "x": 0.0,
                "y": 0.0,
                "z": 0.0
            },
            "left": {
                "x": 0.0,
                "y": 0.0,
                "z": 0.0
            }
        },
        {
            "pos": {
                "x": 0.17882156372070313,
                "y": 1.1224937438964844,
                "z": 50.47392272949219
            },
            "radius": 11.400004386901856,
            "up": {
                "x": 0.4658014178276062,
                "y": 0.1816617250442505,
                "z": -0.005297606810927391
            },
            "right": {
                "x": 0.0,
                "y": 0.0,
                "z": 0.0
            },
            "down": {
                "x": 0.0,
                "y": 0.0,
                "z": 0.0
            },
            "left": {
                "x": 0.0,
                "y": 0.0,
                "z": 0.0
            }
        },
        {
            "pos": {
                "x": 0.12424562871456146,
                "y": 1.5537762641906739,
                "z": 60.46446990966797
            },
            "radius": 11.400004386901856,
            "up": {
                "x": 0.40445366501808169,
                "y": 0.2634243071079254,
                "z": 0.13047939538955689
            },
            "right": {
                "x": 0.0,
                "y": 0.0,
                "z": 0.0
            },
            "down": {
                "x": 0.0,
                "y": 0.0,
                "z": 0.0
            },
            "left": {
                "x": 0.0,
                "y": 0.0,
                "z": 0.0
            }
        },
        {
            "pos": {
                "x": -11.593509674072266,
                "y": -1.1463699340820313,
                "z": 78.79656219482422
            },
            "radius": 11.400004386901856,
            "up": {
                "x": 0.384639173746109,
                "y": 0.244367778301239,
                "z": -0.20575982332229615
            },
            "right": {
                "x": 0.0,
                "y": 0.0,
                "z": 0.0
            },
            "down": {
                "x": 0.0,
                "y": 0.0,
                "z": 0.0
            },
            "left": {
                "x": 0.0,
                "y": 0.0,
                "z": 0.0
            }
        },
        {
            "pos": {
                "x": 0.015093762427568436,
                "y": 2.4163413047790529,
                "z": 80.44556427001953
            },
            "radius": 11.400004386901856,
            "up": {
                "x": 0.10101772844791413,
                "y": 0.11461043357849121,
                "z": -0.47608810663223269
            },
            "right": {
                "x": 0.0,
                "y": 0.0,
                "z": 0.0
            },
            "down": {
                "x": 0.0,
                "y": 0.0,
                "z": 0.0
            },
            "left": {
                "x": 0.0,
                "y": 0.0,
                "z": 0.0
            }
        },
        {
            "pos": {
                "x": 9.407604217529297,
                "y": 12.063894271850586,
                "z": 86.79168701171875
            },
            "radius": 11.400004386901856,
            "up": {
                "x": 0.415246844291687,
                "y": 0.2646394968032837,
                "z": -0.08681026101112366
            },
            "right": {
                "x": 0.0,
                "y": 0.0,
                "z": 0.0
            },
            "down": {
                "x": 0.0,
                "y": 0.0,
                "z": 0.0
            },
            "left": {
                "x": 0.0,
                "y": 0.0,
                "z": 0.0
            }
        },
        {
            "pos": {
                "x": -0.094058096408844,
                "y": 3.2789063453674318,
                "z": 100.4266586303711
            },
            "radius": 11.400004386901856,
            "up": {
                "x": 0.2954241633415222,
                "y": 0.21257895231246949,
                "z": 0.34283342957496645
            },
            "right": {
                "x": 0.0,
                "y": 0.0,
                "z": 0.0
            },
            "down": {
                "x": 0.0,
                "y": 0.0,
                "z": 0.0
            },