{
    "Start": {
        "x": 0.0,
        "y": 0.0,
        "z": 0.0
    },
    "End": {
        "x": 1.0,
        "y": 1.0,
        "z": 1.0
    },
    "SplineData": [
        {
            "pos": {
                "x": 0.0,
                "y": 0.0,
                "z": 0.0
            },
            "radius": 21.666667938232423,
            "up": {
                "x": 0.0,
                "y": 0.5,
                "z": 0.0
            },
            "right": {
                "x": 0.0,
                "y": 0.0,
                "z": 0.0
            },
            "down": {
                "x": 0.0,
                "y": 0.0,
                "z": 0.0
            },
            "left": {
                "x": 0.0,
                "y": 0.0,
                "z": 0.0
            }
        },
        {
            "pos": {
                "x": 0.0,
                "y": 0.0,
                "z": 50.0
            },
            "radius": 21.666667938232423,
            "up": {
                "x": -0.000031759816920384765,
                "y": 0.499969482421875,
                "z": 0.0055228001438081268
            },
            "right": {
                "x": 0.0,
                "y": 0.0,
                "z": 0.0
            },
            "down": {
                "x": 0.0,
                "y": 0.0,
                "z": 0.0
            },
            "left": {
                "x": 0.0,
                "y": 0.0,
                "z": 0.0
            }
        },
        {
            "pos": {
                "x": -0.5745601654052734,
                "y": -1.1045494079589844,
                "z": 99.98706817626953
            },
            "radius": 30.0,
            "up": {
                "x": -0.06251824647188187,
                "y": 0.49415895342826846,
                "z": -0.0435706302523613
            },
            "right": {
                "x": 0.0,
                "y": 0.0,
                "z": 0.0
            },
            "down": {
                "x": 0.0,
                "y": 0.0,
                "z": 0.0
            },
            "left": {
                "x": 0.0,
                "y": 0.0,
                "z": 0.0
            }
        },
        {
            "pos": {
                "x": -56.89971160888672,
                "y": 4.9034576416015629,
                "z": 153.12515258789063
            },
            "radius": 21.666667938232423,
            "up": {
                "x": -0.19516879320144654,
                "y": 0.23040702939033509,
                "z": 0.3985244631767273
            },
            "right": {
                "x": 0.0,
                "y": 0.0,
                "z": 0.0
            },
            "down": {
                "x": 0.0,
                "y": 0.0,
                "z": 0.0
            },
            "left": {
                "x": 0.0,
                "y": 0.0,
                "z": 0.0
            }
        },
        {
            "pos": {
                "x": -27.521286010742189,
                "y": -46.01068115234375,
                "z": 127.38371276855469
            },
            "radius": 21.666667938232423,
            "up": {
                "x": -0.12298810482025147,
                "y": -0.34316790103912356,
                "z": 0.3422130346298218
            },
            "right": {
                "x": 0.0,
                "y": 0.0,
                "z": 0.0
            },
            "down": {
                "x": 0.0,
                "y": 0.0,
                "z": 0.0
            },
            "left": {
                "x": 0.0,
                "y": 0.0,
                "z": 0.0
            }
        },
        {
            "pos": {
                "x": 9.468006134033204,
                "y": -70.59934997558594,
                "z": 104.53404998779297
            },
            "radius": 21.666667938232423,
            "up": {
                "x": -0.06863794475793839,
                "y": -0.388593852519989,
                "z": 0.3070564568042755
            },
            "right": {
                "x": 0.0,
                "y": 0.0,
                "z": 0.0
            },
            "down": {
                "x": 0.0,
                "y": 0.0,
                "z": 0.0
            },
            "left": {
                "x": 0.0,
                "y": 0.0,
                "z": 0.0
            }
        }
    ]
}