{
    "Start": {
        "x": 0.0,
        "y": 0.0,
        "z": 0.0
    },
    "End": {
        "x": 1.0,
        "y": 1.0,
        "z": 1.0
    },
    "SplineData": [
        {
            "pos": {
                "x": 0.0,
                "y": 0.0,
                "z": 0.0
            },
            "radius": 8.400001525878907,
            "up": {
                "x": 0.041544556617736819,
                "y": 0.49827104806900027,
                "z": 0.0
            },
            "right": {
                "x": 0.49827104806900027,
                "y": -0.041544556617736819,
                "z": 0.0
            },
            "down": {
                "x": -0.041544556617736819,
                "y": -0.49827104806900027,
                "z": 0.0
            },
            "left": {
                "x": -0.49827104806900027,
                "y": 0.041544556617736819,
                "z": 0.0
            }
        },
        {
            "pos": {
                "x": 0.516204833984375,
                "y": -0.4409141540527344,
                "z": 24.321666717529298
            },
            "radius": 8.400001525878907,
            "up": {
                "x": 0.016740649938583375,
                "y": 0.3629089295864105,
                "z": 0.343535840511322
            },
            "right": {
                "x": 0.49854710698127749,
                "y": -0.03566218912601471,
                "z": 0.013378881849348545
            },
            "down": {
                "x": -0.016740649938583375,
                "y": -0.3629089295864105,
                "z": -0.343535840511322
            },
            "left": {
                "x": -0.49854710698127749,
                "y": 0.03566218912601471,
                "z": -0.013378881849348545
            }
        },
        {
            "pos": {
                "x": -2.4161720275878908,
                "y": -24.228740692138673,
                "z": 26.010997772216798
            },
            "radius": 8.400001525878907,
            "up": {
                "x": -0.011570286005735398,
                "y": 0.03682862967252731,
                "z": 0.498507559299469
            },
            "right": {
                "x": 0.49612748622894289,
                "y": -0.06002602353692055,
                "z": 0.015949634835124017
            },
            "down": {
                "x": 0.011570286005735398,
                "y": -0.03682862967252731,
                "z": -0.498507559299469
            },
            "left": {
                "x": -0.49612748622894289,
                "y": 0.06002602353692055,
                "z": -0.015949634835124017
            }
        },
        {
            "pos": {
                "x": -8.51833724975586,
                "y": -73.73030853271485,
                "z": 29.52643394470215
            },
            "radius": 8.400001525878907,
            "up": {
                "x": 0.34450674057006838,
                "y": -0.016761019825935365,
                "z": 0.3619863986968994
            },
            "right": {
                "x": 0.35719946026802065,
                "y": -0.06839986145496369,
                "z": -0.3431180715560913
            },
            "down": {
                "x": -0.34450674057006838,
                "y": 0.016761019825935365,
                "z": -0.3619863986968994
            },
            "left": {
                "x": -0.35719946026802065,
                "y": 0.06839986145496369,
                "z": 0.3431180715560913
            }
        },
        {
            "pos": {
                "x": -14.620502471923829,
                "y": -123.23187255859375,
                "z": 33.0418701171875
            },
            "radius": 8.400001525878907,
            "up": {
                "x": 0.49273812770843508,
                "y": -0.05622246861457825,
                "z": 0.06362603604793549
            },
            "right": {
                "x": 0.059038758277893069,
                "y": -0.04240894317626953,
                "z": -0.4946877360343933
            },
            "down": {
                "x": -0.49273812770843508,
                "y": 0.05622246861457825,
                "z": -0.06362603604793549
            },
            "left": {
                "x": -0.059038758277893069,
                "y": 0.04240894317626953,
                "z": 0.4946877360343933
            }
        },
        {
            "pos": {
                "x": -20.722673416137697,
                "y": -172.7334442138672,
                "z": 36.55730438232422
            },
            "radius": 8.400001525878907,
            "up": {
                "x": 0.444217711687088,
                "y": -0.05196286737918854,
                "z": -0.22354082763195039
            },
            "right": {
                "x": -0.2259790301322937,
                "y": -0.014043033123016358,
                "z": -0.44579851627349856
            },
            "down": {
                "x": -0.444217711687088,
                "y": 0.05196286737918854,
                "z": 0.22354082763195039
            },
            "left": {
                "x": 0.2259790301322937,
                "y": 0.014043033123016358,
                "z": 0.44579851627349856
            }
        },
        {
            "pos": {
                "x": -21.911211013793947,
                "y": -203.88710021972657,
                "z": 38.85211181640625
            },
            "radius": 8.400001525878907,
            "up": {
                "x": 0.3326694965362549,
                "y": 0.05247323960065842,
                "z": -0.3695640563964844
            },
            "right": {
                "x": -0.36912304162979128,
                "y": -0.027346715331077577,
                "z": -0.33615535497665408
            },
            "down": {
                "x": -0.3326694965362549,
                "y": -0.05247323960065842,
                "z": 0.3695640563964844
            },
            "left": {
                "x": 0.36912304162979128,
                "y": 0.027346715331077577,
                "z": 0.33615535497665408
            }
        },
        {
            "pos": {
                "x": -13.448875427246094,
                "y": -235.42428588867188,
                "z": 33.7584342956543
            },
            "radius": 8.400001525878907,
            "up": {
                "x": 0.12343010306358338,
                "y": 0.353021502494812,
                "z": -0.33187469840049746
            },
            "right": {
                "x": -0.3492627739906311,
                "y": -0.17254632711410523,
                "z": -0.31343787908554079
            },
            "down": {
                "x": -0.12343010306358338,
                "y": -0.353021502494812,
                "z": 0.33187469840049746
            },
            "left": {
                "x": 0.3492627739906311,
                "y": 0.17254632711410523,
                "z": 0.31343787908554079
            }
        },
        {
            "pos": {
                "x": 11.99825668334961,
                "y": -237.39712524414063,
                "z": 18.258228302001954
            },
            "radius": 8.400001525878907,
            "up": {
                "x": -0.08860331773757935,
                "y": 0.49137255549430849,
                "z": 0.02650391310453415
            },
            "right": {
                "x": -0.25911009311676028,
                "y": -0.02369224652647972,
                "z": -0.4269668161869049
            },
            "down": {
                "x": 0.08860331773757935,
                "y": -0.49137255549430849,
                "z": -0.02650391310453415
            },
            "left": {
                "x": 0.25911009311676028,
                "y": 0.02369224652647972,
                "z": 0.4269668161869049
            }
        },
        {
            "pos": {
                "x": 31.517536163330079,